<?xml version="1.0" encoding="utf-8"?>
<resources>

    <menu>
        <id>1</id>

        <src>DreamOn.mp3</src>

        <title>百年辉煌</title>

        <content>百年上海电影， 在不同历史时期， 涌现出了众多经典影片。 本展区以图文形式展示了其中30部最具开创性的经典名作。 </content>
    </menu>
    <menu>
        <id>2</id>

        <src>film7.mp4</src>

        <title>影史第一</title>

        <content>中国电影诞生以来， 上海影人以敢为天下先的开拓精神， 凭借聪明才智和辛勤努力， 为中国电影创造了众多 “第一”。 这里仅仅只列举其中的30项， 从一个侧面折射出上海作为中国电影发祥地的历史地位和突出贡献。 </content>
    </menu>
    <menu>
        <id>3</id>

        <src>film8.mp4</src>

        <title>乌鸦与麻雀</title>

        <content>《乌鸦与麻雀》是昆仑影业公司1949年出品的一步讽刺喜剧。 影片以上海一幢石库门民居里四家人的邻里关系，  折射出“乱世之末”的市井生相， 是40年代中国现实主义电影的标志性作品之一。 本展区用情景再现的手法， 为参观者呈 现出郑君里、吴茵、上官云珠、李天济、 黄宗英等电影工作者在片场进行拍摄的场景。 </content>
    </menu>
    <menu>
        <id>4</id>

        <src>film9.mp4</src>

        <title>艺术影厅</title>

        <content>艺术影厅充分展现了当今世界最先进的电影放映科技， 包括美国科视数字系统公司 提供的最新数字放映设备，  以及安恒利（国际）有限公司 赞助的“全景声”影院多声道立体声设备。 这些先进的放映技术与特有的动感特效装置相配合， 能为观影者带来超凡的视听效果和无与伦比的动感体验。 </content>
    </menu>
    <menu>
        <id>5</id>

        <src>film3.mp4</src>

        <title>一号摄影棚</title>

        <content>1号摄影棚是上海东方电影频道全媒体高清演播厅。 现代化的影视拍摄装备， 诠释着全媒体时代电影电视制作的发展趋势。 在这里， 参观者可以更直观地体验现代化影视制作流程及功能强大的媒体环境。 </content>
    </menu>
    <menu>
        <id>6</id>

        <src>film3.mp4</src>

        <title>一号录音棚</title>

        <content>1号录音棚是上海电影译制厂所属的一座现代化、数字化多媒体录音棚， 电影艺术技术专家将在这里进行外国影片的译制创作。 </content>
    </menu>
    <menu>
        <id>7</id>

        <src>film3.mp4</src>

        <title>动画电影工作室</title>

        <content>动画电影工作室配置了传统动画电影摄影台和数字动画装备。 上海美术电影制片厂的动画艺术家将在这里进行动画影片的现场创作演示， 参观者可以在观摩中详细了解木偶、剪纸、手绘动画的制作工艺流程。 </content>
    </menu>
    <menu>
        <id>8</id>

        <title>后期工作室</title>

        <src>film3.mp4</src>

        <content>电影后期制作可使用拟音和音效设计互动装置， 为影片创造奇妙的声音效果， 也可运用视频剪辑工具创造电影蒙太奇的视觉效果。 参观者可以在观摩中学习、了解电影后期生产、加工的一般技术环节。 </content>
    </menu>
    <menu>
        <id>9</id>

        <title>化妆服装工作室</title>

        <src>film3.mp4</src>

        <content>电影化妆脱胎于舞台戏剧化妆艺术， 但它比舞台化妆更趋向生活的真实和细节的逼真， 具有毫发毕现的写实主义风格。 用手中的化妆工具和特殊化学材料， 将影片中的角色塑造得真实可信、栩栩如生， 是每一位电影化妆师的神圣职责。 随着电影工业逐渐发展成熟， 专业服装设计师应  运而生,为影片主题、样式、风格及人物性格塑造提供了新的创作手段。 半个多世纪以来， 上影积累了数以千计， 并留有珍贵历史印记的服装、服饰。 这里陈列的只是其中有代表性的一小部分。 </content>
    </menu>
    <menu>
        <id>10</id>

        <src>film3.mp4</src>

        <title>电影百科</title>

        <content>电影是一种19世纪人类科学技术发明的产物， 它根据人类眼睛的视觉特性和成像原理， 结合物理、光学、 化学、机械、自动化、新材料等科学技术成果发明研制而成。 本展区着重介绍电影成像原理的基础知识， 让参观者在与视觉成像装置的互动与操作中， 了解电影艺术、 技术的基本规律。 </content>
    </menu>
    <menu>
        <id>11</id>

        <src>film3.mp4</src>

        <title>影海溯源</title>

        <content>19世纪末， 美、法、西班牙等国的冒险家， 不畏路途遥远， 携带刚刚问世的电影放映机和胶片， 搭乘海船登陆上海。  他们怀着对财富和成功的梦想， 把电影的种子撒播到脚下这片新鲜而又神秘的土地。 参观者可通过本展区的环形银幕， 感受西方冒险家眼中的上海之旅。 同时， 展柜中陈列的28本40年代的电影剧本， 也为参观者了解电影的成长发展提供了原始佐证。 </content>
    </menu>
    <menu>
        <id>12</id>

        <src>film3.mp4</src>

        <title>光影长河</title>

        <content>1949年后， 在接收原官办电影机构和与民营电影机构公私合营基础上， 组建了国营上海电影制片厂。 从1950年至1966年， 上海共出品各类故事影片300余部， 形成了上海电影史上的第三次高潮。 改革开放后， 上海电影克服了“文革”造成的 损失， 开启了历史上第四个繁荣时期。 新世纪以来， 上海影人在全国率先完成了转企改制， 将传统的电影制片厂转变为现代化 的电影集团， 续写了百年上海电影的光荣与梦想。 </content>
    </menu>

</resources>