<?xml version="1.0" encoding="utf-8"?>
<resources>
		<img>glan.png</img>
    	<glance>
    		<title>电影馆有哪些经典馆藏？</title>
    		<summary>江泽民为上影集团60周年为家暴致上影集团<![CDATA[<br>]]>老艺术《大闹天宫》分镜头画面张光宇的《大闹天宫》人《孔夫子》剧照影集《再会吧上海》剧照底陈毅送给《南征北战》主联华摄影机。</summary>
    	</glance>
    	<glance>
    		<title>馆藏有哪些大师手记？</title>
    		<summary>夏衍批阅艾明之剧本手稿<![CDATA[<br>]]>张瑞芳的日记本<![CDATA[<br>]]>夏衍写给张石川的信<![CDATA[<br>]]>吕其明的《红旗颂》曲谱</summary>
    	</glance>
</resources>