<?xml version="1.0" encoding="utf-8"?>
<resources>
		<logo>title2.png</logo>
		<items>
		<item>
			<img>bg1.jpg</img>
			<description>
				<![CDATA[上海电影博物馆是一座融展示与活动、参观与体验为一体，<br>涵盖文物收藏、学术研究、社会教育、<br>陈列展示等功能的行业博物馆]]>
			</description>
		</item>
		<item>
			<img>bg2.jpg</img>
			<description>
				<![CDATA[博物馆展分为四大主题展区，五号摄影棚及一座艺术影厅。<br>上海电影博物馆呈现了百年上海电影的魅力，<br>生动演绎了电影人、电影事和电影背后的故事]]>
			</description>
		</item>		
		<item>
			<img>bg3.jpg</img>
			<description>
				<![CDATA[满足大众电影文化需求的艺术圣殿，<br>也是上海电影乃至中国电影最为重要的展示窗口之一]]>
			</description>
		</item>		
		</items>
</resources>