<?xml version="1.0" encoding="utf-8"?>
<resources>
		<info>
			<!--两种排版-->
			<type>0</type>
			<name>博物馆简介</name>
			 <img>btn5.jpg</img>
			 <title>博物馆简介</title>
			 <summary>上海电影博物馆位于徐汇区漕溪路595号上海电影集团大楼1至4楼， 总体面积达1.5W平方米， 是一座融展示与活
	    动、 参观与体验为一体， 涵盖文物收藏、 学术研究、 社会教育、 陈列展示等功能的行业博物馆。 博物馆分为四大主题展区， 五号摄影棚及一座艺术影厅。 上海电影博物馆呈现了百
	    上海电影的魅力， 生动演绎了电影人、 电影事和电影背后的故事， 是满足大众电影文化需求的艺术圣殿， 也是上海电影乃至中国电影最为重要的展示窗口之一， 更将成为上海城市
	    威化的新地标。</summary>
		</info>
		
		<info>
			<!--两种排版-->
			<type>0</type>
			<name>开方时间</name>
			 <img>business.jpg</img>
			 <title>开方时间</title>
			 <summary><![CDATA[周二至周日：9：00——17：00（16：30停止售票， 周一闭馆）<br><br>周一闭馆节假日除外]]></summary>
		</info>
		
		<info>
			<!--两种排版-->
			<type>0</type>
			<name>购票指南</name>
			 <img>ticket.jpg</img>
			 <title>购票须知</title>
			 <summary><![CDATA[1、  购票前， 请仔细阅读上海电影博物馆门票价格一览表、 艺术影厅当日排片表。 电影开场钱半小时内恕不退票。 艺术影厅位
	    于展区内， 需凭门票购买上述影院电影票。 <br><br>2、   艺术影厅儿童全票， 婴幼儿谢绝观看。 <br><br>3、   票、 款请当面点清。 <br><br>4、   售票处受理现金、 信用卡购票， 支票购票须三个工作日后取票。<br><br>5、   购买优惠票， 须出示相关证件， 一票一证。<br><br>6、  请观众遵守秩序， 文明购票。 <br><br>7、  请仔细阅读所购票面记载的相关事项， 并在有效期（场次）内使用。]]></summary>
		</info>
		
		<info>
			<!--两种排版-->
			<type>1</type>
			<name>配套服务</name>
			 <items>
			 	<item>
			 		<iname>服务中心</iname>
			 		<iimage>center.jpg</iimage>
			 		<content>
			 		<![CDATA[<img src="center2.png" />服务中心 <br><br><img src="sup1.png"/>1楼大厅左侧<br><br><img src="sup2.png"/>周二至周日:9:00--17:00(16:30停止售票，周一闭馆)<br><br><img src="sup3.png"/>开馆时间内为您提供以下服务：<br><br>提供资讯服务。<br><br>提供票务、艺术影厅排片、入馆须知、展映活动等信息。<br><br>提供预约讲解服务。<br><br>提供物品租借服务。<br><br>提供失物招领登记服务。<br><br>免费提供轮椅、婴儿车及医药箱等便民服务。<br><br>免费提供导览图、活动介绍等相关信息资料服务。<br><br>免费提供手机充电服务。]]>			 			
			 		</content>
			 	</item>
			 	<item>
			 		<iname>片场星吧</iname>
			 		<iimage>star.jpg</iimage>
			 		<content>
			 		<![CDATA[<img src="star2.png" />片场星吧 <br><br><img src="sup1.png"/>1楼大厅右侧<br><br><img src="sup2.png"/>周二至周日:9:00--17:00(16:30停止售票，周一闭馆)<br><br><img src="sup3.png"/>“片场星吧”是一处多功能体验休闲区。展项内容包括：明星墙、笑脸墙、影人签名钢琴、获奥斯卡技术奖的闪电照明灯等。参观者即可在此品尝咖啡、稍事休息，又可欣赏一侧墙面上昔日影星的风采，感受电影拍摄现场紧张忙碌的工作气氛。]]>			 			
			 		</content>
			 	</item>
			 	<item>
			 		<iname>博物馆商店</iname>
			 		<iimage>shop.jpg</iimage>
			 		<content>
			 		<![CDATA[<img src="shop2.png" />博物馆商店 <br><br><img src="sup1.png"/>1楼展区<br><br><img src="sup2.png"/>周二至周日:9:00--17:00<br><br><img src="sup3.png"/>专营电影衍生产品、商务文具、生活用品、服饰配饰、家居装饰等纪念产品。]]>			 			
			 		</content>
			 	</item>
			 </items>
		</info>
		
		<info>
			<!--两种排版-->
			<type>0</type>
			<name>参观须知</name>
			 <img></img>
			 <title>参观须知</title>
			 <summary><![CDATA[1、  严禁携带尖锐、 易燃易爆等危险品入馆。 <br><br>2、  携带宠物者谢绝入馆。 <br><br>3、  馆内严禁吸烟或饮食。 <br><br>4、  参观时请勿触摸艺术品。 <br><br>5、  请勿拍照。 若特别展览会允许拍照， 请勿使用闪光灯。 <br><br>6、  请勿在展馆内喧哗， 影响他人参观。<br><br>7、  请保持展馆内清洁。 <br><br>8、   请保管好您随身携带的物品。 <br><br>9、   若为学校团体， 请教师务必全程带领参观， 维持学生的安全和秩序。 <br><br>10、  本馆遇有重大活动或重要设备设施维修保养时， 可根据需要临时闭馆， 届时将预先告示公众。]]></summary>
		</info>
		
		<info>
			<!--两种排版-->
			<type>0</type>
			<name>会员章程</name>
			 <img></img>
			 <title>会员章程</title>
			 <summary><![CDATA[上海电影博物馆限量版艺术会员卡使用细则<br><br>1。 会员费用<br><br>（含20元工本费及480元储值金额）<br><br>2.会员礼遇<br><br>2.1首次办理艺术会员即可获得博物馆参观兑换卷2张;<br><br>2.2凭艺术会员卡参观博物馆可免费获得租借语音导览设备一次/套;(押金需自理)<br><br>2.3艺术会员购买博物馆门票， 出示会员卡可享受额外9折优惠;<br><br>2.4参加博物馆艺术影院举办的各类影展活动， 享受票价8折优惠;<br><br>2.5艺术会员在博物馆商店和咖啡去消费时， 凭会员卡可享受9折优惠;<br><br>2.6以信息与邮件形式优先获得博物馆近期活动讯息;<br><br>2.7艺术会员生日当日来馆， 凭有效证件可免费领取2张参观票;<br><br>2.8艺术会员可优先预约博物馆举办的各类展映活动、 教育活动<br><br>特别注意<br><br>2.9艺术会员有效期为自购卡日起2年。 逾期可付费延期， 没半年需缴纳手续费20元;]]></summary>
		</info>
		
		<info>
			<!--两种排版-->
			<type>1</type>
			<name>加入我们</name>
			 			 <items>
			 	<item>
			 		<iname>会员章程</iname>
			 		<iimage></iimage>
			 		<content>
			 		<![CDATA[<img src="center2.png" />会员章程<br><br>上海电影博物馆限量版艺术会员卡使用细则<br><br>1。 会员费用<br><br>（含20元工本费及480元储值金额）<br><br>2.会员礼遇<br><br>2.1首次办理艺术会员即可获得博物馆参观兑换卷2张;<br><br>2.2凭艺术会员卡参观博物馆可免费获得租借语音导览设备一次/套;(押金需自理)<br><br>2.3艺术会员购买博物馆门票， 出示会员卡可享受额外9折优惠;<br><br>2.4参加博物馆艺术影院举办的各类影展活动， 享受票价8折优惠;<br><br>2.5艺术会员在博物馆商店和咖啡去消费时， 凭会员卡可享受9折优惠;<br><br>2.6以信息与邮件形式优先获得博物馆近期活动讯息;<br><br>2.7艺术会员生日当日来馆， 凭有效证件可免费领取2张参观票;<br><br>2.8艺术会员可优先预约博物馆举办的各类展映活动、 教育活动<br><br>特别注意<br><br>2.9艺术会员有效期为自购卡日起2年。 逾期可付费延期， 没半年需缴纳手续费20元;]]>			 			
			 		</content>
			 	</item>
			 	<item>
			 		<iname>加入志愿者</iname>
			 		<iimage></iimage>
			 		<content>
			 		<![CDATA[正在建设中]]>			 			
			 		</content>
			 	</item>
			 	
			 </items>
		</info>
		
		<info>
			<!--两种排版-->
			<type>0</type>
			<name>联系方式</name>
			 <img>contact.jpg</img>
			 <title>联系方式</title>
			 <summary><![CDATA[参观资讯热线：021-64268666<br><br>团队票务热线：021-54892625*8819<br><br>志愿者招募热线：021-64878765]]></summary>
		</info>
		
		
		
</resources>