<?xml version="1.0" encoding="utf-8"?>
<resources>

    <menu>
        <id>1</id>
        <!-- player是视频，music是音频 ，list是列表-->
        <type>music</type>
        <src>high1.jpg</src>
        <title>百年辉煌</title>
        <text>百年上海电影，在不同历史时期，涌现出了众多经典影片。本展区以图文形式
            展示了其中30部最具开创性的经典名作。</text>
    </menu>
    <menu>
        <id>2</id>
        <!-- player是视频，music是音频 -->
        <type>player</type>
        <src>high2.jpg</src>
        <title>影史第一</title>
        <text>中国电影诞生以来，上海影人以敢为天下先的开拓精神，凭借聪明才智和辛勤
            努力，为中国电影创造了众多“第一”。这里仅仅只列举其中的30项，从一个侧面折射出上
            海作为中国电影发祥地的历史地位和突出贡献。</text>
    </menu>
    <menu>
        <id>3</id>
        <!-- player是视频，music是音频 -->
        <type>player</type>
        <src>high3.jpg</src>
         <title>《乌鸦与麻雀》场景</title>
        <text>《乌鸦与麻雀》是昆仑影业公司1949年出品的一部讽刺喜剧。影片以上海一幢
            石库门民居里四家人的邻里关系，折射出“乱世之末”的市井生相，是40年代中国现实主义
            电影的标志性作品之一。本展区用情景再现的手法，为参观者呈现出郑君里、赵丹、孙道
            临、魏鹤龄、吴茵、上官云珠、李天济、黄宗英等电影工作者在片场进行拍摄的场景。</text>
    </menu>
    <menu>
        <id>4</id>
        <!-- player是视频，music是音频 -->
        <type>player</type>
        <src>high4.jpg</src>
         <title>艺术影厅</title>
        <text>艺术影厅充分展现了当今世界最先进的电影放映科技，包括美国科视数字系统
            公司 提供的最新数字放映设备，以及安恒利（国际）有限公司 赞助的“全景声”影院多声道
            立体声设备。这些先进的放映技术与特有的动感特效装置相配合，能为观影者带来超凡的
            视听效果和无与伦比的动感体验。</text>
    </menu>
    <menu>
        <id>5</id>
        <!-- player是视频，music是音频 -->
        <type>player</type>
        <src>high5.jpg</src>
         <title>一号摄影棚</title>
        <text>1号摄影棚是上海东方电影频道全媒体高清演播厅。现代化的影视拍摄装备，
            诠释着全媒体时代电影电视制作的发展趋势。在这里，参观者可以更直观地体验现代化影
            视制作流程及功能强大的媒体环境.</text>
    </menu>
    <menu>
        <id>6</id>
        <!-- player是视频，music是音频 -->
        <type>player</type>
        <src>high6.jpg</src>
         <title>一号录音棚</title>
        <text>1号录音棚是上海电影译制厂所属的一座现代化、数字化多媒体录音棚，电影
            艺术技术专家将在这里进行外国影片的译制创作。</text>
    </menu>
    <menu>
        <id>7</id>
        <!-- player是视频，music是音频 -->
        <type>player</type>
        <src>high7.jpg</src>
         <title>动画电影工作室</title>
        <text>动画电影工作室配置了传统动画电影摄影台和数字动画装备。上海美术电影
            制片厂的动画艺术家将在这里进行动画影片的现场创作演示，参观者可以在观摩中详细
            了解木偶、剪纸、手绘动画的制作工艺流程。</text>
    </menu>
    <menu>
        <id>8</id>
        <!-- player是视频，music是音频 -->
        <type>player</type>
        <src>high8.jpg</src>
         <title>后期工作室</title>
        <text>电影后期制作可使用拟音和音效设计互动装置，为影片创造奇妙的声音效果，
            也可运用视频剪辑工具创造电影蒙太奇的视觉效果。参观者可以在观摩中学习、了解电
            影后期生产、加工的一般技术环节。</text>
    </menu>
    <menu>
        <id>9</id>
        <!-- player是视频，music是音频 -->
        <type>player</type>
        <src>high9.jpg</src>
         <title>化妆服装工作室</title>
        <text>电影化妆脱胎于舞台戏剧化妆艺术，但它比舞台化妆更趋向生活的真实和细
            节的逼真，具有毫发毕现的写实主义风格。用手中的化妆工具和特殊化学材料，将影片
            中的角色塑造得真实可信、栩栩如生，是每一位电影化妆师的神圣职责。随着电影工业
            逐渐发展成熟，专业服装设计师应运而生,为影片主题、样式、风格及人物性格塑造提
            供了新的创作手段。半个多世纪以来，上影积累了数以千计，并留有珍贵历史印记的服
            装、服饰。这里陈列的只是其中有代表性的一小部分。</text>
    </menu>
    <menu>
        <id>10</id>
        <!-- player是视频，music是音频 -->
        <type>player</type>
        <src>high10.jpg</src>
         <title>电影百科</title>
        <text>电影是一种19世纪人类科学技术发明的产物，它根据人类眼睛的视觉特性
            和成像原理，结合物理、光学、化学、机械、自动化、新材料等科学技术成果发明研
            制而成。本展区着重介绍电影成像原理的基础知识，让参观者在与视觉成像装置的互
            动与操作中，了解电影艺术、技术的基本规律。</text>
    </menu>
    <menu>
        <id>11</id>
        <!-- player是视频，music是音频 -->
        <type>player</type>
        <src>high11.jpg</src>
         <title>影海溯源</title>
        <text>19世纪末，美、法、西班牙等国的冒险家，不畏路途遥远，携带刚刚问
            世的电影放映机和胶片，搭乘海船登陆上海。他们怀着对财富和成功的梦想，把电
            影的种子撒播到脚下这片新鲜而又神秘的土地。参观者可通过本展区的环形银幕，
            感受西方冒险家眼中的上海之旅。同时，展柜中陈列的28本40年代的电影剧本，也
            为参观者了解电影的成长发展提供了原始佐证。</text>
    </menu>
    <menu>
        <id>12</id>
        <!-- player是视频，music是音频 -->
        <type>player</type>
        <src>high12.jpg</src>
         <title>光影长河</title>
        <text>1949年后，在接收原官办电影机构和与民营电影机构公私合营基础上，
            组建了国营上海电影制片厂。从1950年至1966年，上海共出品各类故事影片300余
            部，形成了上海电影史上的第三次高潮。改革开放后，上海电影克服了“文革”造成
            的损失，开启了历史上第四个繁荣时期。新世纪以来，上海影人在全国率先完成了
            转企改制，将传统的电影制片厂转变为现代化的电影集团，续写了百年上海电影的
            光荣与梦想。</text>
    </menu>
    
    <menu>
        <id>13</id>
        <!-- player是视频，music是音频 -->
        <type>list</type>
        <src></src>
         <title></title>
        <text></text>
        <items>
        	<item>
        		<isrc>1.png</isrc>	
        		<ibig>1_big.png</ibig>
        		<ititle>经典馆藏</ititle>
        		<itxt>江泽民为上影集团60周年庆典题写条幅</itxt>
        	</item>
        	<item>
        		<isrc>2.png</isrc>	
        		<ibig>2_big.png</ibig>
        		<ititle>经典馆藏</ititle>
        		<itxt>温家宝致上影集团老艺术家的亲笔信</itxt>
        	</item>
        	<item>
        		<isrc>3.png</isrc>	
        		<ibig>3_big.png</ibig>
        		<ititle>经典馆藏</ititle>
        		<itxt>《大闹天宫》分镜头画面台本（万籁鸣手稿）</itxt>
        	</item>
        	<item>
        		<isrc>4.png</isrc>	
        		<ibig>4_big.png</ibig>
        		<ititle>经典馆藏</ititle>
        		<itxt>张光宇的《大闹天宫》人物设计手稿</itxt>
        	</item>
        	<item>
        		<isrc>5.png</isrc>	
        		<ibig>5_big.png</ibig>
        		<ititle>经典馆藏</ititle>
        		<itxt>《孔夫子》剧照影集</itxt>
        	</item>
        	<item>
        		<isrc>6.png</isrc>	
        		<ibig>6_big.png</ibig>
        		<ititle>经典馆藏</ititle>
        		<itxt>陈毅送给《南征北战》主演陈戈的手表</itxt>
        	</item>
        	<item>
        		<isrc>7.png</isrc>	
        		<ibig>7_big.png</ibig>
        		<ititle>经典馆藏</ititle>
        		<itxt>联华摄影机（1套：机身、片盒、三脚架、机箱）</itxt>
        	</item>
        	<item>
        		<isrc>8.png</isrc>	
        		<ibig>8_big.png</ibig>
        		<ititle>经典馆藏</ititle>
        		<itxt>艺华影片公司开幕喜匾</itxt>
        	</item>
        	<item>
        		<isrc>9.png</isrc>	
        		<ibig>9_big.png</ibig>
        		<ititle>经典馆藏</ititle>
        		<itxt>夏衍致王世桢的信</itxt>
        	</item>
        </items>
    </menu>

</resources>