<?xml version="1.0" encoding="utf-8"?>
<resources>
<!--展映活动列表-->
    	<screen>
    		<!--分为两种排版方式-->
    		<type>0</type>
    		<title>当前展映</title>
			 <items>
			 	<item>
			 		<!--编号 。无任何关联，就是这个内容的标识。用于收藏功能-->
			 		<id>1</id>
			 		<img>dragon.jpg</img>
			 		<name>4D影片《鱼龙勇士》</name>
			 		<titleTime>活动时间</titleTime>
			 		<time>2014/06/04 至 2014/12/31</time>
			 		<titleExhiTime>展映时间</titleExhiTime>
			 		<exhiTime>10:30、11:30、14:15、15:45</exhiTime>
			 		<!--详情-->
			 		<content>
			 			<!--大图-->
			 			<cimg>dragons.jpg</cimg>
			 			<!--html内容-->
			 			<csummary>
			 				<![CDATA[4D影片《鱼龙勇士》<br>一亿五千万年前的侏罗纪时期，地球被大片海洋覆盖，各类史前生物生活在这片广袤的海洋里。达克龙为了给儿子达达炼制补脑鱼油誓言要抓住小鱼龙宝儿，宝儿在一场混战中与妈妈失散，为了找到鱼龙群，他踏上了历险的征途。一路上危机重重，最终，爱的力量战胜了个人恩怨，宝儿和强哥帮助达达救起了危在旦夕的达克龙。宝儿终于到达深海，和妈妈团聚。<br>片名：鱼龙勇士<br>片长：17分钟<br>影院：上海电影博物馆4D影厅（上海市漕溪北路595号）<br>排片：10:30、11:30、14:15、15:45<br>票价：30元<br>购票请至上海电影博物馆现场购买。]]>			 				
			 			</csummary>
			 		</content>			 		
			 	</item>
			 	<item>
			 		<id>2</id>
			 		<img>heaven.jpg</img>
			 		<name>《大闹天宫》4D版</name>
			 		<titleTime>活动时间</titleTime>
			 		<time>2014/06/04 至 2014/12/31</time>
			 		<titleExhiTime>展映时间</titleExhiTime>
			 		<exhiTime>10:30、11:30、14:15、15:00</exhiTime>
			 		<!--详情-->
			 		<content>
			 			<!--大图-->
			 			<cimg>heavens.jpg</cimg>
			 			<!--html内容-->
			 			<csummary>
			 				<![CDATA[4D影片《大闹天宫》<br>片名：大闹天宫<br>片长：20分钟<br>影院：上海电影博物馆4D影厅(上海市漕溪北路595号)<br>排片：09:50、10:30、11:10、13:30、14:14、15:00、15:45<br>票价:30元<br>购票请至上海电影博物馆现场购买]]>			 				
			 			</csummary>
			 		</content>	
			 	</item>
			 </items>
    	</screen>    	
    	
    	<screen>
    		<type>1</type>
    		<title>展映回顾</title>    		
    		<items>
    			<item>
    				<name>《恋爱义务》</name>
					<summary>片由大导演卜万苍执导，大编剧朱石麟谱稿.。。。。。。</summary>
					<img>lovely.png</img>
					<detailTitle>《恋爱与义务》难得一遇的首映体验</detailTitle>
					<detail><![CDATA[内容简介：\n本片由大导演卜万苍执导， 大编剧朱石麟谱稿， 改编自波兰女作家华罗琛同名小说， 阮玲玉、 金焰、 陈燕燕等大明星担纲主演。\n本片是阮玲玉的经典之作， 她在影片中分饰两角， 其中更是身穿水手校服， 展现少有的青春动感模样。  <br>故事梗概：\n本片讲述的是封建家庭小姐杨乃凡， 和大学生李祖义相爱， 但在封建礼教的压力之下， 她屈服了。 奉父母之命她嫁给
        	了“世家子弟”黄大任， 并有了一对儿女。 后来， 杨乃凡偶与李祖义相遇， 两人仍没忘旧情， 一起私奔了。 过了一段幸福的乡间生活后， 两人为生活所困只得又回到
        	城里谋生。 但社会已不接纳这两个人， 李祖义找不到工作， 在沉重的生活压力之下潦倒而死。 从此， 杨乃凡与女儿平儿过着艰苦的生活。 十五年后， 平儿长大了， 她
        	与一富家子弟之间产生了爱情， 并得知母亲杨乃凡的身世。 杨乃凡为了女儿一生的幸福， 将平儿托给黄大任， 自己投河自尽。 <br>难得一遇的首映体验\n《恋爱与义务》 是一部被认为遗失已久的经典之作， 在千里之外的拉丁美洲被重新发现。 经由台北电影资料馆和意大利
        L’immagineRitrovata修复实验室共同修复， 这次是本片修复版全球首轮放映， 并作为上海国际电影节经典修复单元的开幕影片。 其中这场放映特别选在了，拍摄这部电影的
        联华电影制片厂原址——上海电影博物馆放映。更为难能可贵的是，本次放映特别设置了“辩士”现场表演。“辩士”是东亚地区默片时代独特的表演形式，由一位“辩士”配合影像向观众“实况解说”
        影片。当年，出名的辩士往往比影片本身更为吸引观众，像日本大导演黑泽明的哥哥正是一位著名的辩士。本次担纲“辩士”的是台湾著名的作家、主持人、编辑、教授马国光先生。]]></detail>
    			</item>
    			<item>
    				<title>《神女》</title>
					<summary>2014年6月3日，由拿督黄纪达基金会和中国电影资料。。。。。。</summary>
					<detailTitle>修复版《神女》现场交响乐配乐</detailTitle>
					<detail><![CDATA[2014年6月3日， 由拿督黄纪达基金会和中国电影资料馆联合推出的中国经典默片《神女》 数字修复版将重现上海滩， 于6
        	月15日作为上海国际电影节的正式展映环节放映。 《神女》 将在上海电影博物馆重现， 现场将由交响乐团演奏为本片重新创作的电影配乐。 《神女》 的放映标志着这
        	部老电影历经沧桑80年后历史性回归其原拍摄地——联华影业公司， 即现在的上海电影博物馆所在地。]]></detail>
    			</item>
    		</items>
    	</screen>

    	<screen>
    		<!--分为两种排版方式-->
    		<type>0</type>
    		<title>展映计划</title>
			 <items>
			 	<item>
			 		<!--编号 。无任何关联，就是这个内容的标识。用于收藏功能-->
			 		<id>1</id>
			 		<img>dragon.jpg</img>
			 		<name>4D影片《鱼龙勇士》</name>
			 		<titleTime>活动时间</titleTime>
			 		<time>2014/06/04 至 2014/12/31</time>
			 		<titleExhiTime>展映时间</titleExhiTime>
			 		<exhiTime>10:30、11:30、14:15、15:45</exhiTime>
			 		<!--详情-->
			 		<content>
			 			<!--大图-->
			 			<cimg>dragons.jpg</icmg>
			 			<!--html内容-->
			 			<csummary>
			 				<![CDATA[4D影片《鱼龙勇士》<br>一亿五千万年前的侏罗纪时期，地球被大片海洋覆盖，各类史前生物生活在这片广袤的海洋里。达克龙为了给儿子达达炼制补脑鱼油誓言要抓住小鱼龙宝儿，宝儿在一场混战中与妈妈失散，为了找到鱼龙群，他踏上了历险的征途。一路上危机重重，最终，爱的力量战胜了个人恩怨，宝儿和强哥帮助达达救起了危在旦夕的达克龙。宝儿终于到达深海，和妈妈团聚。<br>片名：鱼龙勇士<br>片长：17分钟<br>影院：上海电影博物馆4D影厅（上海市漕溪北路595号）<br>排片：10:30、11:30、14:15、15:45<br>票价：30元<br>购票请至上海电影博物馆现场购买。]]>			 				
			 			</csummary>
			 		</content>			 		
			 	</item>
			 	<item>
			 		<id>2</id>
			 		<img>heaven.jpg</img>
			 		<name>《大闹天宫》4D版</name>
			 		<titleTime>活动时间</titleTime>
			 		<time>2014/06/04 至 2014/12/31</time>
			 		<titleExhiTime>展映时间</titleExhiTime>
			 		<exhiTime>10:30、11:30、14:15、15:00</exhiTime>
			 		<!--详情-->
			 		<content>
			 			<!--大图-->
			 			<cimg>heavens.jpg</cimg>
			 			<!--html内容-->
			 			<csummary>
			 				<![CDATA[4D影片《大闹天宫》<br>片名：大闹天宫<br>片长：20分钟<br>影院：上海电影博物馆4D影厅(上海市漕溪北路595号)<br>排片：09:50、10:30、11:10、13:30、14:14、15:00、15:45<br>票价:30元<br>购票请至上海电影博物馆现场购买]]>			 				
			 			</csummary>
			 		</content>	
			 	</item>
			 </items>
    	</screen>    	
</resources>