<?xml version="1.0" encoding="utf-8"?>
<resources>
    <beacon>
        <major>22586</major>
        <minor>56556</minor>
        <url>1</url>
    </beacon>
    <beacon>
        <major>25516</major>
        <minor>56546</minor>
        <url>2</url>
    </beacon>
    <beacon>
        <major>25518</major>
        <minor>56536</minor>
        <url>3</url>
    </beacon>
    <beacon>
        <major>25526</major>
        <minor>54576</minor>
        <url>4</url>
    </beacon>
    <beacon>
        <major>25536</major>
        <minor>54596</minor>
        <url>5</url>
    </beacon>
    <beacon>
        <major>25546</major>
        <minor>54566</minor>
        <url>6</url>
    </beacon>
    <beacon>
        <major>28153</major>
        <minor>56526</minor>
        <url>7</url>
    </beacon>

</resources>