<?xml version="1.0" encoding="utf-8"?>
<resources>
    <layer>
        <id>1</id>
        <visible>1</visible>
        <type>image</type>
        <src>audio_brillant.jpg</src>
        <width>1600</width>
        <height>1100</height>
        <x>20</x>
        <y>120</y>
		<textsize>0</textsize>
    </layer>
    <layer>
        <id>2</id>
        <visible>1</visible>
        <type>seekbar</type>
        <src></src>
        <width>640</width>
        <height>397</height>
        <x>33</x>
        <y>390</y>
		<textsize>0</textsize>
    </layer>
     <layer>
        <id>3</id>
        <visible>1</visible>
        <type>image</type>
        <src>pause.png</src>
        <width>100</width>
        <height>100</height>
        <x>30</x>
        <y>1100</y>
		<textsize>0</textsize>
    </layer>
    <layer>
        <id>4</id>
        <visible>1</visible>
        <type>image</type>
        <src>suki.png</src>
        <width>640</width>
        <height>397</height>
        <x>1250</x>
        <y>1260</y>
		<textsize>0</textsize>
    </layer>
    <layer>
        <id>5</id>
        <visible>1</visible>
        <type>image</type>
        <src>down.png</src>
        <width>640</width>
        <height>397</height>
        <x>1400</x>
        <y>1260</y>
		<textsize>0</textsize>
    </layer>
	<layer>
        <id>6</id>
        <visible>1</visible>
        <type>image</type>
        <src>audio.png</src>
        <width>640</width>
        <height>397</height>
        <x>700</x>
        <y>550</y>
		<textsize>0</textsize>
    </layer>
    <layer>
        <id>7</id>
        <visible>1</visible>
        <type>text</type>
        <src></src>
        <width>1400</width>
        <height>100</height>
        <x>50</x>
        <y>1400</y>
		<textsize>35</textsize>
    </layer>
    <layer>
        <id>8</id>
        <visible>1</visible>
        <type>text</type>
        <src></src>
        <width>1400</width>
        <height>100</height>
        <x>50</x>
        <y>1540</y>
		<textsize>27</textsize>
	</layer>
	<layer>
	    <id>9</id>
        <visible>1</visible>
        <type>seekbar</type>
        <src></src>
        <width>1400</width>
        <height>100</height>
        <x>115</x>
        <y>1125</y>
		<textsize>0</textsize>
	</layer>
</resources>